Grade,percentage
A,0.944300416
B,0.051614424
C,0.00408516